_id,_openid,content,time,title,type
1583827545864_0.19562926880021436_33572845,oHNPI5cqIHiHO6ReWJtrEwjf4RaA,"<p wx:nodeid=""80""><strong wx:nodeid=""97"">李明华给我写的小程序快能用了 </strong></p><p wx:nodeid=""123""><img data-cloud=""cloud://notecloud-fai4f.6e6f-notecloud-fai4f-1301407594/15838274954512.jpg"" wx:nodeid=""127"" src=""https://6e6f-notecloud-fai4f-1301407594.tcb.qcloud.la/15838274954512.jpg""></p><h1 wx:nodeid=""141"">哈哈哈</h1><p wx:nodeid=""106""><br wx:nodeid=""107""></p>",2020/03/10 16:03:44,今天真开心,happy
1583849765403_0.2970551862048505_16812954,oHNPI5WatARijZETuWGrnN3dsYPg,"<p><img data-cloud=""cloud://notecloud-fai4f.6e6f-notecloud-fai4f-1301407594/15838497606742.jpg"" src=""https://6e6f-notecloud-fai4f-1301407594.tcb.qcloud.la/15838497606742.jpg""></p><p><br></p>",2020/03/10 22:15:45,图片,happy
1583920341121_0.5149467625481357_16824457,oHNPI5WatARijZETuWGrnN3dsYPg,"<p>我来试试多了啥功能</p><p><img data-cloud=""cloud://notecloud-fai4f.6e6f-notecloud-fai4f-1301407594/15839203350302.jpg"" src=""https://6e6f-notecloud-fai4f-1301407594.tcb.qcloud.la/15839203350302.jpg""></p><p><br></p>",2020/03/11 17:50:51,Try 一 Try,happy
1584001190808_0.26575727160024853_16809246,oHNPI5WatARijZETuWGrnN3dsYPg,"<p><u>今天终于改完了ppt，我辛苦了。</u><sup>2020/3/12</sup><img data-cloud=""cloud://notecloud-fai4f.6e6f-notecloud-fai4f-1301407594/15840011420832.jpg"" src=""https://6e6f-notecloud-fai4f-1301407594.tcb.qcloud.la/15840011420832.jpg""></p><p><br></p>",2020/03/12 16:18:06,3.12,cry
1584075970352_0.48941781535459006_16820844,oHNPI5WtkxUdyAl79Seoft73FUK0,<p><br></p>,2020/03/13 13:05:56,哈哈,happy
1584094373251_0.8972622244054296_16829536,oHNPI5eM4V9hsOQ1UC6MKsvSJTXY,"<p style=""text-align: center;"">今晚我将大出血，请家里人吃烧烤 <del>2020/3/13</del></p>",2020/03/13 18:11:44,,cry
1584108886808_0.9379078625336335_16810372,oHNPI5bjba9GNfS-3a4hXB3ohXpI,<p><br></p>,2020/03/13 22:14:37,,happy
1584109083302_0.026626293009302304_16816003,oHNPI5eJhejPg63t2DG6eDKmpI9c,<p>hello world</p>,2020/03/13 22:17:44,,happy
1584109631439_0.9400517721197503_16789158,oHNPI5beI1nDn7AYpJt4uU0utY90,"<p>2020/3/13 打牌输了好多钱<img data-cloud=""cloud://notecloud-fai4f.6e6f-notecloud-fai4f-1301407594/15841096216722.jpg"" src=""https://6e6f-notecloud-fai4f-1301407594.tcb.qcloud.la/15841096216722.jpg""></p><p><br></p>",2020/03/13 22:26:18,,cry
1584113274461_0.4066553513286062_16787031,oHNPI5WatARijZETuWGrnN3dsYPg,"<p>2020/3/13</p><p><img data-cloud=""cloud://notecloud-fai4f.6e6f-notecloud-fai4f-1301407594/15841132660382.jpg"" src=""https://6e6f-notecloud-fai4f-1301407594.tcb.qcloud.la/15841132660382.jpg""></p><p>叔叔给我写的小程序快上线了，今天又快乐了。</p>",2020/03/13 23:20:58,激动,happy
1584173239320_0.1711908245642777_16840182,oHNPI5WatARijZETuWGrnN3dsYPg,"<p>2020/3/14</p><p>努力锻炼！</p><p>明华羞愧！<img data-cloud=""cloud://notecloud-fai4f.6e6f-notecloud-fai4f-1301407594/15841732328632.jpg"" src=""https://6e6f-notecloud-fai4f-1301407594.tcb.qcloud.la/15841732328632.jpg""></p><p><br></p>",2020/03/14 16:06:01,小锁和小甲,happy
1584266337483_0.8583634348646623_16791632,oHNPI5Y2NduTc2kuPSAd4MOQQ0Ek,<p>哈哈</p>,2020/03/15 17:58:47,,cry
1584266379381_0.725729201012087_16780056,oHNPI5Y2NduTc2kuPSAd4MOQQ0Ek,<p>你你你</p>,2020/03/15 17:59:19,,happy
1584271765473_0.6910615385387913_16792439,oHNPI5bCfQKtu3EkcL3r3_nj6Jc0,<p><br></p>,2020/03/15 19:29:08,hello world,happy
1584350372307_0.8224895050012_16809646,oHNPI5WatARijZETuWGrnN3dsYPg,"<p>2020/3/16加油加油<img data-cloud=""cloud://notecloud-fai4f.6e6f-notecloud-fai4f-1301407594/15843503680122.jpg"" src=""https://6e6f-notecloud-fai4f-1301407594.tcb.qcloud.la/15843503680122.jpg?sign=43d67bfca2698e5e21f2f047addf3e4e&amp;t=1584350361""></p><p><br></p>",2020/03/16 17:18:04,插图,smile
1584379134380_0.9621478071284966_16817001,oHNPI5WatARijZETuWGrnN3dsYPg,<p>想见面</p><p>每天bb一大堆</p><p>都不如见一面来的实在</p><p>猜忌，怀疑。没安全感，害怕都是因为不能见面衍生出来的😣 </p>,2020/03/17 01:16:20,哭哭,cry
0dee15725e7250d3000141ac0951801f,oHNPI5WatARijZETuWGrnN3dsYPg,"<p><u>想吃一整盒的雪媚娘</u></p><p><u>2020/3/19</u></p><p><u><span class=""ql-cursor"">﻿</span></u></p>",2020/03/19 00:47:39,无题,cry
9a393e025e736a360006935c33b8dd0e,oHNPI5WatARijZETuWGrnN3dsYPg,"<p>2020/3/19</p><p>今天做了可乐饼，没做好</p><p>浪费了很多油，肉肉，🥕 ，🥔 ，🥛 ，洋葱</p><p>主要是做的太多了下次少做点<img data-cloud=""cloud://notecloud-fai4f.6e6f-notecloud-fai4f-1301407594/15846221316122.jpg"" src=""https://6e6f-notecloud-fai4f-1301407594.tcb.qcloud.la/15846221316122.jpg?sign=5ed7ee49cba7a1d75e88b3f7b400ea93&amp;t=1584622130""></p><p><br></p>",2020/03/19 20:46:17,做饭记,smile
0dee15725e736aaa0006136755a14888,oHNPI5WatARijZETuWGrnN3dsYPg,"<p>2020/3/19</p><p>徐州真好看</p><p>希望能早点和叔叔同居</p><p>一起出门，一起回家<img data-cloud=""cloud://notecloud-fai4f.6e6f-notecloud-fai4f-1301407594/15846222489892.jpg"" src=""https://6e6f-notecloud-fai4f-1301407594.tcb.qcloud.la/15846222489892.jpg?sign=d0efd98eef72584abafcd3da96be5b3a&amp;t=1584622247""></p><p><br></p>",2020/03/19 20:48:59,无题,happy
42d70ff05e7a4490000303d578e290a4,oHNPI5WatARijZETuWGrnN3dsYPg,<p>他那么喜欢我</p><p>他才不希望我过得更好</p><p>他巴不得让我陪着他一起去死</p>,2020/03/25 01:33:15,😭 ,cry
42c9a7b15e7c44d1000d649b179fff40,oHNPI5WatARijZETuWGrnN3dsYPg,"<p>2020/3/26</p><p>今天是我妈生日</p><p>叔叔给了我500块</p><p>让我给我妈发红包</p><p>Sooooo sweet！！💛<img data-cloud=""cloud://notecloud-fai4f.6e6f-notecloud-fai4f-1301407594/15852023861262.jpg"" src=""https://6e6f-notecloud-fai4f-1301407594.tcb.qcloud.la/15852023861262.jpg""></p><p><br></p>",2020/03/26 13:57:49,😊,happy
6aebd2215e7e05060017156d3e3b93b8,oHNPI5WatARijZETuWGrnN3dsYPg,<p>2020/3/27</p><p>帕女士每晚为我打开天国的大门</p>,2020/03/27 21:47:53,/:break,cry
f3db088f5e7e166e001b0ee348e41fec,oHNPI5WatARijZETuWGrnN3dsYPg,"<p>2020/3/27</p><p>李明华今天迅速帮女同事的忙😡，还给学妹耐心讲解公司情况😡，冷落了我李某人😫。</p><p>经双方同意，李明华欠李萌哈根达斯一顿。<img data-cloud=""cloud://notecloud-fai4f.6e6f-notecloud-fai4f-1301407594/15853215773842.jpg"" src=""https://6e6f-notecloud-fai4f-1301407594.tcb.qcloud.la/15853215773842.jpg""></p><p><br></p><p>以上。</p>",2020/03/27 23:03:20,叔叔必看,angry
6aebd2215e7f8219001d3628367e477c,oHNPI5WatARijZETuWGrnN3dsYPg,<p>2020/3/29</p><p>吃太多没道理的醋会变黑</p><p>也希望叔叔可以让我没醋可吃</p><p><br></p><p>我的男朋友，是在用他自己的方式，笨拙又骄傲地爱着我</p><p><br></p><p>叔叔好笨</p>,2020/03/29 00:53:39,3/28,happy
42d70ff05e819b0600238a5508e5280a,oHNPI5WatARijZETuWGrnN3dsYPg,<p>2020/3/30</p><p>要是有一天我因为意外去世，把我的所有物留给以下这些人，下面是分配情况:</p><p>我的手机和qq号留给男朋友李明华</p><p>我的衣服和鞋给我妈捐掉</p><p>我的狗，皮卡丘，小biu蛋给旺仔</p><p>我的首饰护肤品化妆品给崔藤予</p><p>我的电脑，刀给李行</p><p>银行卡里的钱给李明华买房子用</p><p>我的车票门票情书等给李明华</p><p>还有我的情侣戒给李明华</p><p>我的专八相关书籍烧给我</p><p>以上</p><p>其他以后再补充</p>,2020/03/30 14:56:52,遗嘱(一),cry
42c9a7b15e830c2a002cf99e1d3ccef0,oHNPI5cqIHiHO6ReWJtrEwjf4RaA,"<p><img data-cloud=""cloud://notecloud-fai4f.6e6f-notecloud-fai4f-1301407594/15856465578842.jpg"" src=""https://6e6f-notecloud-fai4f-1301407594.tcb.qcloud.la/15856465578842.jpg""></p><p style=""text-align: center;"">给女朋友写的<strong>日记本</strong></p><h1 style=""text-align: center;"">上线了！</h1>",2020/03/31 17:22:05,真开心,happy
2b4144565e835d0d002452a12fe6e71f,oHNPI5WatARijZETuWGrnN3dsYPg,"<p>2020/3/31</p><p>已经是三月份的最后一天了，正常的话，我现在应该躺在宿舍床上准备睡觉，因为明早有课</p><p>结果现在我还是困在家里。</p><p>希望四月叔叔工作不要太辛苦</p><p>希望我好好减肥，学习</p><p>希望早点见到叔叔</p><p>我真的好想好想好想好想他</p><p><img data-cloud=""cloud://notecloud-fai4f.6e6f-notecloud-fai4f-1301407594/15856673286412.jpg"" src=""https://6e6f-notecloud-fai4f-1301407594.tcb.qcloud.la/15856673286412.jpg""></p><p><br></p>",2020/03/31 23:04:16,三月末,smile
f3db088f5e87577300506e7d2dbb1470,oHNPI5WatARijZETuWGrnN3dsYPg,<p>2020/4/3</p><p>叔叔不能来看我了</p><p>但是说好这个月见一面</p><p>叔叔说我这次不算哭因为后来笑了</p><p>他是个小气鬼</p><p>连哈根达斯都舍不得欠</p>,2020/04/03 23:31:16,叔叔必看(二),angry
2b4144565e8854ee00375aa5651cfe20,oHNPI5WatARijZETuWGrnN3dsYPg,<p>2020/4/4</p><p>春天很好</p><p>只是很想你</p>,2020/04/04 17:34:56,😶,smile
3a573aaa5e888c31004390273e5954a8,oHNPI5eLdvAPTLtIiLv4qIQb0yps,"<p>做网站</p><p><br></p><p><br></p><p><br></p><p><br></p><p><br></p><p><br></p><p><img data-cloud=""cloud://notecloud-fai4f.6e6f-notecloud-fai4f-1301407594/15860070853242.jpg"" src=""https://6e6f-notecloud-fai4f-1301407594.tcb.qcloud.la/15860070853242.jpg""></p><p><br></p><p><br></p><p><br></p><p><br></p><p><br></p><p><br></p><p><br></p><p><br></p><p><br></p><p><br></p><p><br></p><p>2020/4/4</p><p><br></p>",2020/04/04 21:30:07,,happy
dc65fe3e5e8b52410045f5787a3764e8,oHNPI5WatARijZETuWGrnN3dsYPg,<p>2020/4/6</p><p>每天晚上睡觉前</p><p>摸摸自己的肚子</p><p>告诉它</p><p>变小一点再小一点</p>,2020/04/06 23:59:30,睡前祈祷,cry
2b4144565e8be8cf004451c845ad4778,oHNPI5d1FctSALuBVUvvP4KRZgQ8,<p><strong>开心</strong></p>,2020/04/07 10:43:18,,happy
79a2c43f5e8c1bb5005f41722687886a,oHNPI5d1FctSALuBVUvvP4KRZgQ8,<p>111</p>,2020/04/07 14:17:50,,happy
79a2c43f5e8e9527006cfe3760f2c0d6,oHNPI5SaywlpYgW4NSuOq_WLcVug,<p>2020/4/9</p>,2020/04/09 11:23:12,,happy
dc65fe3e5e8ead2c0054961f73be318b,oHNPI5WatARijZETuWGrnN3dsYPg,<p>2020/4/9</p><p>今天下午两点上海要开发布会了</p><p>我要是五月初能开学</p><p>我就给叔叔666块</p><p>拜托拜托开学吧</p>,2020/04/09 13:04:52,开学记,happy
f3db088f5e8fc61e0082301b7129abf9,oHNPI5WatARijZETuWGrnN3dsYPg,"<p>2020/4/10</p><p>希望2020年有机会去一趟迪士尼</p><p>要是儿童世界太美好的话</p><p>我就不长大了</p><p><img data-cloud=""cloud://notecloud-fai4f.6e6f-notecloud-fai4f-1301407594/15864806577672.jpg"" src=""https://6e6f-notecloud-fai4f-1301407594.tcb.qcloud.la/15864806577672.jpg""></p><p><br></p>",2020/04/10 09:02:03,Flag,smile
42d70ff05e8fff5c0069706b7c36cddc,oHNPI5WatARijZETuWGrnN3dsYPg,<p>我为啥有买不完的衣服</p><p>今天又买了五件</p><p>可是之前买的新衣服还没穿了(已经不喜欢了啊怎么办😭）</p><p>今天还拉肚子，这是不是报应</p>,2020/04/10 13:06:41,反思,cry
6aebd2215e940b0d0085050f5ea80401,oHNPI5VhzUiTyFzY5SYvDo2cSPuU,<p>1000</p>,2020/04/13 14:47:39,想,happy
42d70ff05e942e8d007ff647767f88f1,oHNPI5bJuhYVAmpGM8sR4hMQGpek,<p>摸摸摸</p>,2020/04/13 17:18:58,,happy
2b4144565e94ac3a0069f5ae69b4c177,oHNPI5WatARijZETuWGrnN3dsYPg,<p>1.熬夜写作业的感觉很棒，就是很饿</p><p>2.b站的白噪音和写作业绝配</p><p>3.我今天思维导图画的还可以</p><p>4.煮鸡蛋要放满水才能煮熟的🤔</p><p>5.瘦下来之前不准再疯狂购物了</p><p>6.jio冷sou冷</p><p>7..还有四天就能见到叔叔！</p><p>8.我真是一个思维清晰的小天才</p><p><br></p>,2020/04/14 02:09:04,4.14,happy
1d1104975e97bde1002fd400771ff3c6,oHNPI5ekQTKCw5FZR8PIJI58hSNg,<p>呵呵</p>,2020/04/16 10:07:46,111,happy
1d1104975e97bdf4002fd64b337927fe,oHNPI5ekQTKCw5FZR8PIJI58hSNg,<ul><li><strong>呵呵哒呵呵</strong></li></ul>,2020/04/16 10:07:58,,angry
f149f6775e97bdf4002a72e0171140c1,oHNPI5ekQTKCw5FZR8PIJI58hSNg,<ul><li><strong>呵呵哒呵呵</strong></li></ul>,2020/04/16 10:07:58,,angry
0d9cdb685e9a75ae0052055b6cd87e1b,oHNPI5fdXeZGGwN7NL4SXcQKEbxA,"<p><br></p><p><strong>用上儿子写的小程序了！</strong></p><ul><li>哈哈哈</li><li>开心<img data-cloud=""cloud://notecloud-fai4f.6e6f-notecloud-fai4f-1301407594/15871809683372.jpg"" src=""https://6e6f-notecloud-fai4f-1301407594.tcb.qcloud.la/15871809683372.jpg""></li><li><br></li></ul>",2020/04/18 11:34:36,真开心！,happy
1d1104975e9a76c80068da0528e06de6,oHNPI5WatARijZETuWGrnN3dsYPg,<p>今天和叔叔见面</p><p>客车走了两个多小时才到</p><p>我好烦</p>,2020/04/18 11:40:17,见面,angry
1d1104975e9abb87006d7ae23dbc4d89,oHNPI5TwXG0wYSXy2XSVAo2HctWA,<p>哈哈</p>,2020/04/18 16:34:13,,happy
0d9cdb685e9c78b2006a6ac807876613,oHNPI5WatARijZETuWGrnN3dsYPg,"<p>叔叔匆匆地来匆匆地走<img data-cloud=""cloud://notecloud-fai4f.6e6f-notecloud-fai4f-1301407594/15873128101512.jpg"" src=""https://6e6f-notecloud-fai4f-1301407594.tcb.qcloud.la/15873128101512.jpg""></p><p><br></p>",2020/04/20 00:12:42,见面啦！,smile
d77a8c995e9c7901005d366b708b2453,oHNPI5WatARijZETuWGrnN3dsYPg,"<p>2020/4/20<img data-cloud=""cloud://notecloud-fai4f.6e6f-notecloud-fai4f-1301407594/15873128917092.jpg"" src=""https://6e6f-notecloud-fai4f-1301407594.tcb.qcloud.la/15873128917092.jpg""></p><p><br></p>",2020/04/20 00:14:24,Show a photo,happy
3f8c212f5ea13e7f00059bfc2e02f188,oHNPI5WatARijZETuWGrnN3dsYPg,<p>2020/4/23</p><p>想去长沙！想去三亚！想去杭州！</p><p>超想去的！</p><p>叔叔听到了没！😭😭😭😭</p>,2020/04/23 15:05:37,愿望,cry
794792045ea17201000a41a105753dd8,oHNPI5WatARijZETuWGrnN3dsYPg,<p>2020/4/23</p><p>嫩牛五方没吃过</p><p>我得试一下</p>,2020/04/23 18:45:50,愿望,happy
3f8c212f5ea6c949006257af4cdf8d6a,oHNPI5WatARijZETuWGrnN3dsYPg,<p>2020/4/27</p><p>跟叔叔一起吃嫩牛五方</p><p>给叔叔做面包</p>,2020/04/27 19:59:16,记事,happy
e2297d935eaf7915000578d75d9c5316,oHNPI5ZOPRsckX3E8xvPyP4QGQxE,<p>实际用途</p>,2020/05/04 10:07:58,咖喱Jon,cry
5e847ab25eaf79170008084537ab64a4,oHNPI5ZOPRsckX3E8xvPyP4QGQxE,<p>实际用途</p>,2020/05/04 10:07:58,咖喱Jon,cry
aa9f906d5eb426dc0046e90427aaa9de,oHNPI5WatARijZETuWGrnN3dsYPg,<p>2020/5/7</p><p>今天一天没人陪</p><p>经双方协商</p><p>叔叔欠老婆哈根达斯/DQ一顿</p>,2020/05/07 23:17:45,叔叔必看,happy
5e847ab25eb6cd62008234f67444d9ab,oHNPI5VVti3Lr-MmBZ53tmfM5IFY,<p>今天很不开心</p>,2020/05/09 23:33:22,就这样吧,angry
37e26adb5eb93a4f0082f52e06dc4ed8,oHNPI5bmriQIFj9KxAYBhVv-Or1A,<p>哈哈</p>,2020/05/11 19:42:57,,happy
e2297d935ebe4a6c00adb5a519ee2912,oHNPI5d1FctSALuBVUvvP4KRZgQ8,<p>111111</p>,2020/05/15 15:53:05,啊啊啊啊啊啊啊,happy
331568005ec77393000c091628d9bc3d,oHNPI5Y_B7U-Mu9NBucErE5v_HFo,<p>teat</p>,2020/05/22 14:39:03,,cry
463448e05ec7a311000d3e52454eec85,oHNPI5YY_xD-xIX4W7kBBQpJglaU,"<p><sub><span class=""ql-cursor"">﻿</span></sub></p>",2020/0/22 18:00:40,,happy
463448e05ecf73900049b52969002b5c,oHNPI5d_EbgMRzm1QotKahbCg7No,<p>你在哪里</p>,2020/05/28 16:16:55,,happy
54bac78c5ecf739f006b74f7569affba,oHNPI5d_EbgMRzm1QotKahbCg7No,<p>兔兔天</p>,2020/05/28 16:17:23,,happy
463448e05ecf739f0049b5c0172dfbcd,oHNPI5d_EbgMRzm1QotKahbCg7No,<p>兔兔天</p>,2020/05/28 16:17:23,,happy
75777da85ed211c00009a6a101a72058,oHNPI5WdR730CDfMYbPAA22w6ySY,<p>关注一下</p>,2020/05/30 15:56:43,,cry
f2a60d815ed211c4000a75aa520a2fdd,oHNPI5WdR730CDfMYbPAA22w6ySY,<p>2020/5/30</p>,2020/05/30 15:56:50,,happy
baada3ac5ed211ce000c629b0d2c7668,oHNPI5WdR730CDfMYbPAA22w6ySY,<p>在</p>,2020/05/30 15:56:58,,happy
baada3ac5ed211d2000c62c637d89917,oHNPI5WdR730CDfMYbPAA22w6ySY,<p>不</p>,2020/05/30 15:57:03,,happy
f2a60d815ed211eb000a76e90e730613,oHNPI5WdR730CDfMYbPAA22w6ySY,<p>1919949494944444</p><p><br></p>,2020/05/30 15:57:24,,happy
5a93cec95edfac5f006d28b77c8bb5ca,oHNPI5WatARijZETuWGrnN3dsYPg,<p>叔叔今天说会给我做一个远程控制手机的软件</p><p><br></p><p>6.9 叔叔盖章</p>,2020/06/09 23:33:26,叔叔计划,happy
5a93cec95ee2fff400825f0f0166e94b,oHNPI5Rdy76fVN3ox9Xx6rmoVdGU,<p>爱呢</p>,2020/06/12 12:09:16,,happy
b960af395ee42af900069d62250a7d23,oHNPI5RCv3iqvbPHDZAAALZ8g814,"<p><u><span class=""ql-cursor"">﻿</span></u></p>",2020/06/13 09:24:56,,happy
c1d8f6ae5ef625d500527bb1599e6ee2,oHNPI5Y4SHbR605EPU8hrccE9Sfk,<p>好好玩</p>,2020/06/27 00:43:59,,happy
5535aeeb5ef70eee0051686301103a8b,oHNPI5WXpg17uTEbZLdwOdHmNZj4,<p><br></p>,2020/06/27 17:18:21,,happy
4c54b50d5f0acd9d0018ad84353f1e05,oHNPI5e5C1SO00ufnOnFSIHDV6aQ,<p>t y g g g g g</p>,2020/07/12 16:45:09,宝贝,happy
2dddb6b55f0bd47f001ec5c67b1a88c7,oHNPI5e5C1SO00ufnOnFSIHDV6aQ,<p>f f f</p>,2020/07/13 11:26:50,,happy
a7d38b365f0c28360026f37f7b0a5f6a,oHNPI5VsaXgSM8zHyexdkU6Ia1zA,<p><br></p>,2020/07/13 17:23:58,,happy
94f505805f1593f900341c6a022d2465,oHNPI5W-EO0wYw4QihknYGPSCtYM,"<ol><li><img data-cloud=""cloud://notecloud-fai4f.6e6f-notecloud-fai4f-1301407594/15952496164412.jpg"" src=""https://6e6f-notecloud-fai4f-1301407594.tcb.qcloud.la/15952496164412.jpg""></li></ol><p>$156</p>",2020/07/20 20:52:45,新加坡價格,happy
94f505805f1708d300452acb7c1511d7,oHNPI5SXWJtHXX1h1uQAPN1dst9c,"<ol><li style=""text-align: justify;"">＄46.60<img data-cloud=""cloud://notecloud-fai4f.6e6f-notecloud-fai4f-1301407594/15953450329932.jpg"" src=""https://6e6f-notecloud-fai4f-1301407594.tcb.qcloud.la/15953450329932.jpg""></li></ol><p><br></p>",2020/07/21 23:22:42,,happy
94f505805f18fa3b005ac7501a5265a5,oHNPI5an2JZl_tlEUITDX4t1vRM8,<p>Ghhcvv<del>fghfggcv</del>hhhh<u>gggvggg</u><sub><u>ghhghbhjjj</u></sub><sup><u>hhjhbhhj</u></sup></p>,2020/07/23 10:46:03,Fghg,happy
94f505805f1c1b9e0078753879a6bfad,oHNPI5f7EiCN_Nw5zD-U08U7QN_I,"<p style=""text-align: center;""><strong>我是</strong></p><p style=""text-align: justify;"">        <strong>人们学会了自走了吗丁啉通知一下你要多少钱啊我的手机壳</strong></p>",2020/07/25 19:44:38,,happy
1503f3385f1c1c3e009d30081e9ef8cb,oHNPI5f7EiCN_Nw5zD-U08U7QN_I,"<p style=""text-align: center;"">我也</p><p style=""text-align: justify;"">空木头疙瘩汤姆克鲁斯的是你的错的吗丁啉君临沂大学同学聚会吧</p><p style=""text-align: justify;""><img data-cloud=""cloud://notecloud-fai4f.6e6f-notecloud-fai4f-1301407594/15956776891512.jpg"" src=""https://6e6f-notecloud-fai4f-1301407594.tcb.qcloud.la/15956776891512.jpg""></p><p style=""text-align: justify;""><br></p><p style=""text-align: justify;""><img data-cloud=""cloud://notecloud-fai4f.6e6f-notecloud-fai4f-1301407594/15956777236932.jpg"" src=""https://6e6f-notecloud-fai4f-1301407594.tcb.qcloud.la/15956777236932.jpg""></p><p style=""text-align: justify;""><br></p><p style=""text-align: justify;""><br></p>",2020/07/25 19:47:24,,happy
d1cc6d125f23898f001ddf53794d36e3,oHNPI5YWZqKg2yY2FByjZ3npopk8,<p><strong><u>哈哈哈哈</u></strong></p>,2020/07/31 11:01:17,时候,cry
b31a516f5f2389a1001eac285ffb3af6,oHNPI5YWZqKg2yY2FByjZ3npopk8,<p><br></p>,2020/07/31 11:01:37,,happy
4a46c0515f2b8fae00235ce429e373a3,oHNPI5Q2OfF8gQZkqdB8f7mizG2k,<p>还不错</p>,2020/08/06 13:05:34,,cry
abd27dd45f392a2000b279dc05475d09,oHNPI5e5C1SO00ufnOnFSIHDV6aQ,"<p><img data-cloud=""cloud://notecloud-fai4f.6e6f-notecloud-fai4f-1301407594/15975818537652.jpg"" src=""https://6e6f-notecloud-fai4f-1301407594.tcb.qcloud.la/15975818537652.jpg""></p><p><br></p>",2020/08/16 20:43:46,,happy
ac5f38825f424e99002acdcb4f38334c,oHNPI5dziYZ_SGkOptBMshRM8GaI,<p><br></p>,2020/08/23 19:10:13,,happy
b5416b755f5e52c601b2c139375633a3,oHNPI5XqluRU-K83JH_jdlMGp3l0,<p><br></p>,2020/09/14 01:11:26,,cry
65825b355f5f2e580140fefd08894e8e,oHNPI5ZRp6Q8zJv0Ih-OxL3b0SgQ,<p>概率论</p>,2020/09/14 16:48:07,,angry
8e5be7055f71ad0e00bdfd8b288fb8b7,oHNPI5TlQBQvgdZMkTYFW-lMjmsE,<p>爱你</p>,2020/09/28 17:29:38,,happy
8e5be7055f7315df00d1a93223c47ad4,oHNPI5T_KlA4KS2LxLc1FvysSHzU,<p>我</p>,2020/09/29 19:09:07,,cry
d81cd5415f8ea362017b29e03ddf9e62,oHNPI5aaK9plXf1sMgurcsSsrWOw,<p>不错</p>,2020/10/20 16:43:51,吃饭,angry
e373396c5f97c24f02004d5d7a7d5534,oHNPI5R2zeChXqlNAg3yUTBerbJU,<p>习大大</p>,2020/10/27 14:46:25,是的,cry
2fd465895f9c3d58000f85c26f9ca191,oHNPI5c5xRmnZoKVfUoeejbMWSdg,<p>一个测试</p>,2020/10/31 00:20:26,,happy
b333e0365f9c3d78000ffca56d74d5c1,oHNPI5c5xRmnZoKVfUoeejbMWSdg,"<p><img data-cloud=""cloud://notecloud-fai4f.6e6f-notecloud-fai4f-1301407594/16040748688492.jpg"" src=""https://6e6f-notecloud-fai4f-1301407594.tcb.qcloud.la/16040748688492.jpg""></p><p><br></p>",2020/10/31 00:20:46,,happy
9de454c45f9fbae4002094d807f56afe,oHNPI5XdhMaHiWpzGWAikLtC7IXE,<p><br></p>,2020/11/02 15:52:59,开心,happy
b4f7b7d25fa02f5900211e6c60b880f8,oHNPI5RVPiHezobjtVIMBPIIRzro,"<p>经济危机你死定你呢你呢多久2020/11/3<img data-cloud=""cloud://notecloud-fai4f.6e6f-notecloud-fai4f-1301407594/16043333977222.jpg"" src=""https://6e6f-notecloud-fai4f-1301407594.tcb.qcloud.la/16043333977222.jpg""></p><p><br></p>",2020/11/03 00:09:26,sjihb,angry
0288fce75fc9eb1c00afe2eb7439f90d,oHNPI5a6VSJ3VLgHcZ-518PsofsU,<p>童童</p>,2020/12/04 15:53:49,,happy
0a4429175fd30f91013c15f03ae0821d,oHNPI5Q5W5XtfNpG_dB_3hPPABiw,"<p style=""text-align: center;"">哈哈</p><p style=""text-align: center;""><img data-cloud=""cloud://notecloud-fai4f.6e6f-notecloud-fai4f-1301407594/16076675659312.jpg"" src=""https://6e6f-notecloud-fai4f-1301407594.tcb.qcloud.la/16076675659312.jpg""></p><p style=""text-align: center;"">呵呵哥</p><p><br></p>",2020/12/11 14:18:55,,angry
a8831daa5fe9ab6d00f5eaa0475d767e,oHNPI5ZyV_xqhnJ-_qrXVt8fsD2c,<p>Hvjvg</p>,2020/12/28 17:54:34,Guvjj,cry
2424fa985fe9ab9900bc385808a2217d,oHNPI5ZyV_xqhnJ-_qrXVt8fsD2c,<p>融通</p>,2020/12/28 17:55:25,金力群,happy
98bb04175fec48d200cee22142ebb1e0,oHNPI5QHbfYBCm0t_Zn3jc_Aa3jA,<p>又花钱了</p>,2020/12/30 17:30:43,,cry
21ded5cb5ff20416039ab7c13fa077cf,oHNPI5SfCn3lPs-G9RzRu6ju7jR0,<p>，111</p><p><br></p>,2021/01/04 01:51:10,,happy
023ce9555ff20416033b770c6e45883b,oHNPI5SfCn3lPs-G9RzRu6ju7jR0,<p>，111</p><p><br></p>,2021/01/04 01:51:10,,happy
023ce9555ff2e8d6034c25c5106f2c2a,oHNPI5Q5W5XtfNpG_dB_3hPPABiw,"<p><img data-cloud=""cloud://notecloud-fai4f.6e6f-notecloud-fai4f-1301407594/16097548267282.jpg"" src=""https://6e6f-notecloud-fai4f-1301407594.tcb.qcloud.la/16097548267282.jpg""></p><p><br></p>",2021/01/04 18:06:54,,happy
be7fb3985ff2e90602c277d05de1656a,oHNPI5Q5W5XtfNpG_dB_3hPPABiw,"<p><img data-cloud=""cloud://notecloud-fai4f.6e6f-notecloud-fai4f-1301407594/16097548666042.jpg"" src=""https://6e6f-notecloud-fai4f-1301407594.tcb.qcloud.la/16097548666042.jpg""></p><p><img data-cloud=""cloud://notecloud-fai4f.6e6f-notecloud-fai4f-1301407594/16097548796562.jpg"" src=""https://6e6f-notecloud-fai4f-1301407594.tcb.qcloud.la/16097548796562.jpg""></p><p><br></p><p><br></p>",2021/01/04 18:07:37,,happy
79550af260106703010d49dd695dcdf0,oHNPI5SdCoGkrIRilP_ZdqSsYyBs,<p><br></p>,2021/01/27 03:01:06,宝儿,happy
b00064a760307a1805fe2779403c665c,oHNPI5XjOhKJNLpnBGSr8FygSnE8,<p><strong>55</strong></p>,2021/02/20 10:55:13,,happy
b00064a760377149071cee333328e2cd,oHNPI5dnQ_ayoh6aMSPyXn6JLwRY,<p>啊啊啊</p>,2021/02/25 17:43:30,,happy
28ee4e3e6037715b078b51b804e47b0b,oHNPI5dnQ_ayoh6aMSPyXn6JLwRY,<p>啦啦啦</p>,2021/02/25 17:43:47,,happy
b00064a7603b45de0792af0101391b1c,oHNPI5f9Sf1Y6Awget1gX9xpyZ1U,<p>路路通</p>,2021/02/28 15:27:20,5555,happy
b00064a760411414085ada5702eac1dc,oHNPI5dnQ_ayoh6aMSPyXn6JLwRY,<p>哈哈哈</p>,2021/03/05 01:08:26,哈哈哈,happy
28ee4e3e604784e409c51d2e2f87ba82,oHNPI5cJPh74z1-o3W51C4xpkhT0,<p>大美女</p>,2021/03/09 22:23:05,谈倩倩,happy
b00064a7604e01fc09f508710dc3cc24,oHNPI5SqovEOb6p1TYcHF-R9bhM0,<p>不好好</p>,2021/03/14 20:30:42,哈哈哈,happy
79550af26055844a0b003ca158c6ddb7,oHNPI5ZdJGnnkV1E1YBEK_xtuv6Q,"<p><strong>第三课时</strong></p><p><strong>好好学习</strong><span class=""ql-cursor"">﻿</span></p>",2021/03/20 13:12:19,开心,happy
79550af2606549f30cf926a0041a5452,oHNPI5TOTr0VO2DoxHnl0LYlg1h4,<p>的方法</p>,2021/04/01 12:19:57,,happy
17453ede606f1a98010703a571d93dd8,oHNPI5d2QuRxj8O8iU6Aei4J3eAM,<p><br></p>,2021/04/08 23:00:34,,happy
28ee4e3e607a9fd80ff374c70228add9,oHNPI5V26Isfde67LCDY-X_9OVBI,<p>11</p>,2021/04/17 16:44:05,11,happy
17453ede60897a72050d12372d12a934,oHNPI5Uvk6HRqz1z_DRTkmEwWSPg,<p>哈哈哈哈</p>,2021/04/28 23:08:28,,happy
28ee4e3e6099521f179434101d5ed361,oHNPI5asLfaE5gulIt2XBKzcLZio,<p>亏损</p>,2021/05/10 23:32:26,,angry
79550af2609e1fa416a3685a6fb65179,oHNPI5SlhxPj74Ov9hts1890-Y38,<p>建议将删除操作后的页面跳转redirect修改为relaunch</p>,2021/05/14 14:56:43,意见,happy
79550af2609e3b4e16aa642d0d195e7d,oHNPI5SlhxPj74Ov9hts1890-Y38,<p>你好啊</p>,2021/05/14 16:56:39,,happy
28ee4e3e60a0e75d19404ce9645f10d7,oHNPI5Tip3s5LlTS8dLcb1easswM,<p>都能接受收纳博士</p>,2021/05/16 17:35:18,,happy
cbddf0af60a3614a095ae147566d2c68,oHNPI5XmITxJrjQc2PeIufbIycPo,<p>✊😒</p>,2021/05/18 14:39:39,,happy
28ee4e3e60a363f219c6b0ba71225f6d,oHNPI5XmITxJrjQc2PeIufbIycPo,"<p><img data-cloud=""cloud://notecloud-fai4f.6e6f-notecloud-fai4f-1301407594/16213206691342.jpg"" src=""https://6e6f-notecloud-fai4f-1301407594.tcb.qcloud.la/16213206691342.jpg""></p><p>测试意思</p><p><br></p>",2021/05/18 14:51:02,好像有点东西,angry
cbddf0af60a3c29709717730200fc190,oHNPI5cTP56RFtU6USzyaIzEGnn0,<p>哈哈哈哈哈哈！</p>,2021/05/18 21:35:11,,happy
28ee4e3e60a3c44619e2a55c59196f78,oHNPI5cTP56RFtU6USzyaIzEGnn0,<p>生气气</p>,2021/05/18 21:42:20,,smile
cbddf0af60a5d6a909c680d4502f234b,oHNPI5U3lYF9DmgSOPXlDvJyXZ_Q,<p>在哪里</p>,2021/05/20 11:25:15,为什么,happy
28ee4e3e60bb449f1ff471da1ebf39cb,oHNPI5RahpAU7Of5QvXO1PGxgKJc,"<p style=""text-align: center;""><sup><strong><span class=""ql-cursor"">﻿</span></strong></sup></p>",2021/06/05 17:31:45,,happy
28ee4e3e60c8ce0322ab7b884f994fcb,oHNPI5bCeMJg2Xf1NI5Fp4tYavQk,"<p style=""text-align: center;"">刚回家刚刚火锅</p>",2021/06/15 23:57:43,,happy
28ee4e3e60c8ce0d22ab7cc91a32bef9,oHNPI5bCeMJg2Xf1NI5Fp4tYavQk,"<p style=""text-align: center;"">才不会并不会</p>",2021/06/15 23:57:56,,happy
b00064a760c8ce29206869be51fc138d,oHNPI5bCeMJg2Xf1NI5Fp4tYavQk,"<p>出成绩都很喜欢<img data-cloud=""cloud://notecloud-fai4f.6e6f-notecloud-fai4f-1301407594/16237727090992.jpg"" src=""https://6e6f-notecloud-fai4f-1301407594.tcb.qcloud.la/16237727090992.jpg""></p><p><br></p>",2021/06/15 23:58:17,v别的还好吧,happy
28ee4e3e60d811052599161328321b0f,oHNPI5c3VN_jDAEzfFHCWj8F9Q1k,<p>123456789</p>,2021/06/27 13:47:37,开心,happy
cbddf0af60d81b1f12f2549e4891c194,oHNPI5c3VN_jDAEzfFHCWj8F9Q1k,<p>4560</p>,2021/06/27 14:30:46,不开心,cry
b00064a760d81bb0230fae413473c87f,oHNPI5c3VN_jDAEzfFHCWj8F9Q1k,<p>5689</p>,2021/06/27 14:33:08,生日,angry
cbddf0af60d81fcd12f356e20b9ab43a,oHNPI5TWfd_EW5YMYl7zkHsgFJOs,"<ol><li style=""text-align: center;"">是不是哥几个<strong>滚滚滚</strong><img data-cloud=""cloud://notecloud-fai4f.6e6f-notecloud-fai4f-1301407594/16247765808062.jpg"" src=""https://6e6f-notecloud-fai4f-1301407594.tcb.qcloud.la/16247765808062.jpg""></li></ol><p><br></p>",2021/06/27 14:49:17,,angry
28ee4e3e60d9907625ea7a8e1e1bea46,oHNPI5f2SJr99YyLDYqe60fgmAJw,<p>dkdjxj</p>,2021/06/28 17:03:45,,happy
cbddf0af60d990a31332b82a17c1ce15,oHNPI5f2SJr99YyLDYqe60fgmAJw,"<h1>vexeyenwubxuwfbwjnxwbuebxuebxbixuu</h1><p style=""text-align: center;"">/rubxeuecef</p>",2021/06/28 17:04:20,tdhveyxbwbxyy,angry
28ee4e3e60dd6dc526c1a7f71ac66d25,oHNPI5YGNBq_oyMY6ewmXxAm9e0A,<p>而木头哦</p>,2021/07/01 15:24:45,,smile
b00064a760dd6de22417545618fa7d69,oHNPI5YGNBq_oyMY6ewmXxAm9e0A,"<p>多头猪<img data-cloud=""cloud://notecloud-fai4f.6e6f-notecloud-fai4f-1301407594/16251243191522.jpg"" src=""https://6e6f-notecloud-fai4f-1301407594.tcb.qcloud.la/16251243191522.jpg""></p><p><br></p>",2021/07/01 15:25:06,,happy
b00064a760ea52032684595979e42cb7,oHNPI5TgDxg2ovsIA3JMnz7GrRic,<p>那你拿什么</p>,2021/07/11 10:05:35,几点就到家,cry
2d44d6c261288272074fd1d31a723973,oHNPI5UH3dZAElPE7neZ3GWDby3E,<p>牛贺</p>,2021/08/27 14:12:49,嘿嘿,happy
14139e12612882730747abb40dd35775,oHNPI5UH3dZAElPE7neZ3GWDby3E,<p>牛贺</p>,2021/08/27 14:12:49,嘿嘿,happy
14139e12612882850747c8e656d7fc96,oHNPI5UH3dZAElPE7neZ3GWDby3E,<p>牛贺</p>,2021/08/27 14:13:09,牛贺,cry
14139e1261322a2e097671ff77a8d735,oHNPI5Z8WGoSuQ9rmOf1PW6Btos8,<p>哈哈哈哈</p>,2021/09/03 21:59:00,呵呵,happy
cd045e7561322a510a8d86e43e5fe05f,oHNPI5Z8WGoSuQ9rmOf1PW6Btos8,<p>哈哈哈哈</p>,2021/09/03 21:59:38,噢哈哈哈,happy
8937eaa9613b07710a528ac61de67cf4,oHNPI5S9uLJiVyGTEIf6K9pKBqZg,<p><br></p>,2021/09/10 15:21:17,,angry
2d44d6c2613b33990b8074245643872c,oHNPI5S9uLJiVyGTEIf6K9pKBqZg,<p><br></p>,2021/09/10 18:29:39,孩子地址,happy
cd045e75613b33cd0cc78b314daf6cc6,oHNPI5S9uLJiVyGTEIf6K9pKBqZg,<p><br></p>,2021/09/10 18:30:34,顺着,happy
2d44d6c2613b33d70b8086e908441585,oHNPI5S9uLJiVyGTEIf6K9pKBqZg,<p><br></p>,2021/09/10 18:30:43,回民,happy
2d44d6c2613b33db0b808b4e762d540f,oHNPI5S9uLJiVyGTEIf6K9pKBqZg,<p><br></p>,2021/09/10 18:30:48,欢迎你,happy
14139e12613cc3fd0ba287090948b0c3,oHNPI5W7zuTJ5KRvTbMHHMfFrABM,<p>哈哈哈家</p>,2021/09/11 22:57:53,预约,smile
2d44d6c26146e4040dc9b8f517f742c2,oHNPI5fZttE-vXiBAHOG6rxwzz9o,"<h1 style=""text-align: center;"">2021/9/19<sub><strong><del><u><span class=""ql-cursor"">﻿</span></u></del></strong></sub></h1>",2021/09/19 15:00:01,,cry
14139e126146e4100db46a9b6a08e782,oHNPI5fZttE-vXiBAHOG6rxwzz9o,<p><u>社会化</u></p>,2021/09/19 15:17:26,,happy
14139e1261498a300e1a6ce8361b195c,oHNPI5e04dR04Tt4zGZNJNF0SfWk,<p><br></p>,2021/09/21 15:30:50,,happy
14139e126161135b11d822c41303fe64,oHNPI5UIU68vLDxFam7VBXuA6mBk,"<p><sub>天天</sub><img data-cloud=""cloud://notecloud-fai4f.6e6f-notecloud-fai4f-1301407594/16337518938442.jpg"" src=""https://6e6f-notecloud-fai4f-1301407594.tcb.qcloud.la/16337518938442.jpg""></p><p><br></p>",2021/10/09 11:57:44,,smile
cd045e756161137d13ffadb9400a2275,oHNPI5UIU68vLDxFam7VBXuA6mBk,<p>呃呃</p>,2021/10/09 11:58:43,呃呃,happy
859059a5617cea8702d380a740e9cc77,oHNPI5TKfb4XHi_hHfnlCxqzVSQs,<p>sd</p>,2021/10/30 14:47:30,sd,happy
9e7190f16182820e0383369864d45819,oHNPI5eTixGrl40p6Q76VtBCT48U,<p>好咯个</p>,2021/11/03 20:35:20,,cry
9e7190f16198ad8806e1c5597b815d2e,oHNPI5a6uIxgXmgKuiwHurW3Ko4U,<p><br></p>,2021/11/20 16:10:38,,happy
c0ca0aed61bc2fbd00c01d192bf38049,oHNPI5Vz6Kcg2ipr63wLLNTfwrzk,<p><br></p>,2021/12/17 14:35:38,,happy
133e253361bc2fbe00acaa1a56df1c11,oHNPI5Vz6Kcg2ipr63wLLNTfwrzk,<p><br></p>,2021/12/17 14:35:38,,happy
54ad1eea61d5cd0303690a167fb7ac28,oHNPI5fP0IuMegaGm7RYjsRwqYRk,"<p style=""text-align: justify;""><strong>哈哈哈</strong></p>",2022/01/06 00:52:35,哈哈哈,smile
bf4a0bf261e7a89c079f208348fb11bc,oHNPI5Xvkhh5Edzng8_vc3Ca7UYY,<p>说的</p>,2022/01/19 13:58:46,,angry
54ad1eea61f12d820b22b2b04b22c090,oHNPI5TrXvT0TakB96sqCJ2Gt7OU,<p>2022/1/26我朋友苏喂苏喂苏喂</p>,2022/01/26 19:16:13,,happy
41ae62ef61f7b4ad0279d7614682b869,oHNPI5Tu23k2pyapGIOU4-rfslxg,<p>哈哈哈</p>,2022/01/31 18:06:33,,happy
617ef50c6200d5c5039928ea52b29222,oHNPI5ZfmDjnY2UZHkhwWSkR8Wig,<p><br></p>,2022/02/07 16:17:59,,happy
5b049cc86206286d0b8af3851a0674f1,oHNPI5akuvaLLM-lcNRSpCAMTZZc,<p><br></p>,2022/02/11 17:12:09,,happy
41ae62ef6206287204ba4c821a22d801,oHNPI5akuvaLLM-lcNRSpCAMTZZc,<p>1</p>,2022/02/11 17:12:13,1,happy
17e3426e620628760d3c29172b67de28,oHNPI5akuvaLLM-lcNRSpCAMTZZc,<p>2</p>,2022/02/11 17:12:18,2,happy
41ae62ef6206287b04ba4d91546a5be8,oHNPI5akuvaLLM-lcNRSpCAMTZZc,<p>3</p>,2022/02/11 17:12:23,3,happy
41ae62ef620628a204ba527c2dfcd71f,oHNPI5akuvaLLM-lcNRSpCAMTZZc,<p>4</p>,2022/02/11 17:13:01,4,happy
17e3426e620628a60d3c30d4179ee704,oHNPI5akuvaLLM-lcNRSpCAMTZZc,<p><br></p>,2022/02/11 17:13:07,5,happy
54ad1eea620628aa0ee1ebe516e042ab,oHNPI5akuvaLLM-lcNRSpCAMTZZc,<p><br></p>,2022/02/11 17:13:11,6,happy
bf4a0bf2620628ae0d9a48f061067d91,oHNPI5akuvaLLM-lcNRSpCAMTZZc,<p><br></p>,2022/02/11 17:13:15,7,happy
5b049cc8620628b10b8af9bc7b086cc1,oHNPI5akuvaLLM-lcNRSpCAMTZZc,<p><br></p>,2022/02/11 17:13:19,8,happy
54ad1eea620628b50ee1ed2915bbbdd5,oHNPI5akuvaLLM-lcNRSpCAMTZZc,<p><br></p>,2022/02/11 17:13:22,8,happy
bf4a0bf2620628b90d9a4a0118a261fa,oHNPI5akuvaLLM-lcNRSpCAMTZZc,<p><br></p>,2022/02/11 17:13:26,9,happy
617ef50c620628bd046d4aad2760219a,oHNPI5akuvaLLM-lcNRSpCAMTZZc,<p><br></p>,2022/02/11 17:13:30,9,happy
17e3426e620628c10d3c330c1ef24d50,oHNPI5akuvaLLM-lcNRSpCAMTZZc,<p><br></p>,2022/02/11 17:13:34,10,happy
17e3426e620628c40d3c335a0696f2fb,oHNPI5akuvaLLM-lcNRSpCAMTZZc,<p><br></p>,2022/02/11 17:13:37,11,happy
bf4a0bf2620628c80d9a4b6706a1e13a,oHNPI5akuvaLLM-lcNRSpCAMTZZc,<p><br></p>,2022/02/11 17:13:41,12,happy
41ae62ef620628cc04ba56d33b598b9c,oHNPI5akuvaLLM-lcNRSpCAMTZZc,<p><br></p>,2022/02/11 17:13:45,13,happy
617ef50c620628d0046d4c881ac805a7,oHNPI5akuvaLLM-lcNRSpCAMTZZc,<p><br></p>,2022/02/11 17:13:49,14,happy
bf4a0bf2620628d30d9a4c4b795b3d92,oHNPI5akuvaLLM-lcNRSpCAMTZZc,<p><br></p>,2022/02/11 17:13:53,15,happy
41ae62ef620628d704ba57f14af9865e,oHNPI5akuvaLLM-lcNRSpCAMTZZc,<p><br></p>,2022/02/11 17:13:56,16,happy
41ae62ef620628db04ba58bd5fd8f5fa,oHNPI5akuvaLLM-lcNRSpCAMTZZc,<p><br></p>,2022/02/11 17:14:00,17,happy
617ef50c620628de046d4e2e68e4a32b,oHNPI5akuvaLLM-lcNRSpCAMTZZc,<p><br></p>,2022/02/11 17:14:04,18,happy
617ef50c620628e2046d4e7636469c49,oHNPI5akuvaLLM-lcNRSpCAMTZZc,<p><br></p>,2022/02/11 17:14:07,19,happy
54ad1eea620628e50ee1f4f62d2a880d,oHNPI5akuvaLLM-lcNRSpCAMTZZc,<p><br></p>,2022/02/11 17:14:10,20,happy
617ef50c620e1978067829cb0f75557b,oHNPI5QWIPDhlv01aUf2G1f8Aaek,<p>测试</p>,2022/02/17 17:46:03,,smile
41ae62ef6229992c0b7389476a7bb013,oHNPI5bUFuG2rTkoREjNPBhcUY5M,<p>？？？</p>,2022/03/10 14:22:20,,happy
17e3426e6229998012beb58618f04655,oHNPI5bUFuG2rTkoREjNPBhcUY5M,<p>内容</p>,2022/03/10 14:23:33,居然有标题,happy
d2fe6f206235e0ff009995ae6dfa9b3e,oHNPI5bESUQ8-l8ZYsF_jAZilBQ8,<p><br></p>,2022/03/19 21:56:07,111,happy
d2fe6f206237502f00c4ae645a88dd4e,oHNPI5f226Nczkkh0Ozk7tboP55k,<p>和舅舅家</p>,2022/03/21 00:02:44,哥哥哥哥,happy
82afc00a6237503b00860d0606de6a13,oHNPI5f226Nczkkh0Ozk7tboP55k,<p>人人人</p>,2022/03/21 00:02:57反反复复,,happy
d4107ab16237506000cba68958f79c75,oHNPI5f226Nczkkh0Ozk7tboP55k,<p>FFF</p>,2022/03/21 00:03:36,ss,happy
807102f6624959ff042d6bca2c61f500,oHNPI5ZgveX38EJSvWRQy3uKzZFM,<p><br></p>,2022/04/03 16:25:30,哈哈,happy
807102f6624e2b1304eadbe8571d58cc,oHNPI5aOk_tWt_FSKmj-UOyXiOmk,"<p><strong>啦啦啦</strong><img data-cloud=""cloud://notecloud-fai4f.6e6f-notecloud-fai4f-1301407594/16492899940642.jpg"" src=""https://6e6f-notecloud-fai4f-1301407594.tcb.qcloud.la/16492899940642.jpg""></p><p><br></p>",2022/04/07 08:05:50,啦啦啦,happy
82afc00a624ea12903a5d10c53133ac1,oHNPI5cRpq5kTT8YZsIkSfWu-22E,<p>1</p>,2022/04/07 16:30:30,,happy
d2fe6f20624ea12e05794f413e2cbc01,oHNPI5cRpq5kTT8YZsIkSfWu-22E,<p>2</p>,2022/04/07 16:30:35,,angry
efbc6d71624eea3b0544140707ec5c63,oHNPI5W2qfSvj5kNOnAqWI7rOWkk,"<p style=""text-align: justify;"">2022/4/7</p><hr><p style=""text-align: justify;""><br></p>",2022/04/07 21:42:01,,angry
d2fe6f20624fe7d005c679817b53eb1a,oHNPI5QnDBENzjgRrZ1Qv2oNQTlQ,<p>123</p>,2022/04/08 15:44:08,,happy
2c9907ee6258580f000af42e346cf0bd,oHNPI5fyiS42xBCR0VYRTHmexCkw,"<p>2022/4/15<span class=""ql-cursor"">﻿</span></p>",2022/04/15 01:20:58,真不错,cry
247fb78a626111c100001ac92def9a4f,oHNPI5SK82Mvg9VSIbepZeq996iE,"<p>哈哈哈哈<img data-cloud=""cloud://notecloud-fai4f.6e6f-notecloud-fai4f-1301407594/16505286892602.jpg"" src=""https://6e6f-notecloud-fai4f-1301407594.tcb.qcloud.la/16505286892602.jpg""></p><p><br></p>",2022/04/21 16:11:11,,angry
1fee1e9762617dc4015ebd7d343f204e,oHNPI5f7CEji-jwoH3ql5BIN2mgc,"<p><br></p><p><img src=""https://6e6f-notecloud-fai4f-1301407594.tcb.qcloud.la/16505563276692.jpg""></p><p>哦哦哦哦然后呢就这样吧</p>",2022/04/21 23:36:05,,happy
b47ffc576261986400a7ca3e70e205a3,oHNPI5f7CEji-jwoH3ql5BIN2mgc,<p>你好</p>,2022/04/22 01:46:05,你好,happy
bb4c25156263ea4d010b2db37e4bb451,oHNPI5XWYwtIvUp2Bzk4T2G_3O9w,<ul><li>头</li></ul>,2022/04/23 20:00:02,另类了,happy
f1dedd58626436940121fb5e71e23c8b,oHNPI5f7CEji-jwoH3ql5BIN2mgc,<p><br></p>,2022/04/24 01:25:33,，hhjl,happy
8f75309d626a52170093c54f38bb6655,oHNPI5QLBjXSXBn-p_fU8hdvnHzw,"<p><strong>只有</strong></p><p><strong><span class=""ql-cursor"">﻿</span></strong></p>",2022/04/28 16:36:33,,happy
058dfefe626b513f00b1903d7b789e18,oHNPI5QZVskpjz1UK-JbHSVkQPEs,<p>测试</p>,2022/04/29 10:45:12,,happy
058dfefe626ce23500db5b166afd8b86,oHNPI5b-L8e1w0elpTMO8Iv4NsAk,<p>你好</p>,2022/04/30 15:15:58,,happy
f6e08a64626ce35f00c3bc8048545a68,oHNPI5b-L8e1w0elpTMO8Iv4NsAk,"<p><img data-cloud=""cloud://notecloud-fai4f.6e6f-notecloud-fai4f-1301407594/16513032372892.jpg"" src=""https://6e6f-notecloud-fai4f-1301407594.tcb.qcloud.la/16513032372892.jpg"" width=""107"" style="""">你好</p><p><br></p>",2022/04/30 15:16:23,,happy
0ab5303b626defdc00fa3eeb42a56f6c,oHNPI5XbK4ccK8-tw9c6cLkzjHHQ,"<p>2022/5/1<img data-cloud=""cloud://notecloud-fai4f.6e6f-notecloud-fai4f-1301407594/16513719858392.jpg"" src=""https://6e6f-notecloud-fai4f-1301407594.tcb.qcloud.la/16513719858392.jpg""></p><p><br></p>",2022/05/01 10:25:56,？,happy
b69f67c0628c47da044e20561fdb1845,oHNPI5bRKJZYWJJqZ-oqOQwHABh0,<p>123</p>,2022/05/24 10:49:49,,happy
f6e08a64628ca90704f36c4b41e5b358,oHNPI5VkeHAYdWKgPYriaSjsgTnU,<p>k k k l l2022/5/242022/5/24</p>,2022/05/24 17:44:27,123,happy
0ab5303b62944c9906ad6b5855afcfcf,oHNPI5bP1sMM-j2H_-cFnDEz-ZOE,<p>清清浅浅</p>,2022/05/30 12:48:18,,happy
ca780ad5629456d7053f495c526bc5dd,oHNPI5bP1sMM-j2H_-cFnDEz-ZOE,<p>对大家表示</p>,2022/05/30 13:32:02,啊,happy
0a4ec1f962a31a9009c6506b3b49ab78,oHNPI5cqIHiHO6ReWJtrEwjf4RaA,"<p>哈哈哈哈&nbsp;&nbsp;合照.&nbsp;&nbsp;个人头像特别帅<img data-cloud=""cloud://notecloud-fai4f.6e6f-notecloud-fai4f-1301407594/16548563722952.jpg"" src=""https://6e6f-notecloud-fai4f-1301407594.tcb.qcloud.la/16548563722952.jpg""></p><p><img data-cloud=""cloud://notecloud-fai4f.6e6f-notecloud-fai4f-1301407594/16548563291542.jpg"" src=""https://6e6f-notecloud-fai4f-1301407594.tcb.qcloud.la/16548563291542.jpg""></p>",2022/06/10 19:09:31,测试更新,smile
0a4ec1f962a3273609c839da1e9dcc0b,oHNPI5WatARijZETuWGrnN3dsYPg,<p><br></p><p>今天刷微博气死我啦！</p>,2022/06/10 19:11:15,今日工作,angry
ca780ad562a6f2a607145c9e6bac097e,oHNPI5fkc74qjjkGztLDPzECn7y0,<p>本本</p>,2022/06/13 16:17:31,记账,happy
8f75309d62b44f6c09ec42cb5f69179d,oHNPI5WatARijZETuWGrnN3dsYPg,"<p>今天发现一个好玩儿的软件<img data-cloud=""cloud://notecloud-fai4f.6e6f-notecloud-fai4f-1301407594/16559839689182.jpg"" src=""https://6e6f-notecloud-fai4f-1301407594.tcb.qcloud.la/16559839689182.jpg""></p><p>叫贴贴</p>",2022/06/23 19:32:31,,happy
058dfefe62b574640a527d8962702e5a,oHNPI5VAogeI21aB06IQoDmwKnYo,<p>你好</p>,2022/06/24 16:22:51,第一题,happy
6842667962b579d506d3e9966b3e2b53,oHNPI5VAogeI21aB06IQoDmwKnYo,<p>你好</p>,2022/06/24 16:46:02,那个,happy
6d85a2b962b580020c78274a2c15f5d7,oHNPI5VAogeI21aB06IQoDmwKnYo,<p> 紫竹花的茎像竹子一样一截一截的，叶子</p><p> 像有点长的椭圆形，颜色非常深的那种紫，些</p><p> 得让人感觉仿佛是黑色的，且叶子是互生叶</p><p> (就是这边一片，那边一片，不对称)。</p>,2022/06/24 17:09:28,第一天,happy
b69f67c062b6e0ac089486f8112d07f0,oHNPI5W9O4jBaSF-Jo6nOW34dsNw,"<h1 style=""text-align: justify;"">2022/6/25</h1><hr><h1 style=""text-align: justify;""><br></h1>",2022/06/25 18:16:22,,happy
ca780ad562bee8d80973979d0b8eb297,oHNPI5TzzIYK4dSc2LcLOMFl3S3Q,"<p><img data-cloud=""cloud://notecloud-fai4f.6e6f-notecloud-fai4f-1301407594/16566786068922.jpg"" src=""https://6e6f-notecloud-fai4f-1301407594.tcb.qcloud.la/16566786068922.jpg""></p><p><br></p>",2022/07/01 20:29:58,,happy
16db756f62bfb65a0960289d7ca7bbf1,oHNPI5fyvmCcP5-h0LLo3TwPTQz4,<p>哈哈哈哈哈哈哈哈哈</p>,2022/07/02 11:06:58,哈哈哈哈哈哈哈哈,happy
6d85a2b962c2be610e863dec05e2c61f,oHNPI5ZTMMxFOFhPYkHQee5hUNIQ,<p>好好</p>,2022/07/04 18:18:04,,happy
0ab5303b62dd78620ff9967860dfe38c,oHNPI5WatARijZETuWGrnN3dsYPg,<p>小明把他的工资要走了</p><p>说是要用我的手机号办张卡</p><p>并且这次伤害事件会对我进行三次补偿</p><p>2022.7.24</p>,2022/07/25 00:49:18,,angry
6d85a2b962dde77412412af54666de0a,oHNPI5YSPhRjSklGuDu9hJSsWVPs,<p>，，</p>,2022/07/25 08:44:29,,happy
f6e08a6462e89c010ed8bf28341da09e,oHNPI5Wt4ph5_W8BNLVyjT85WiKg,<p><u>2022/8/2</u></p>,2022/08/02 11:37:27,,happy
16db756f62f0a7801062ecd15bf71349,oHNPI5ZDAZDEOVbjA8TGSrSctsYw,"<p>你好哈哈哈哈哈哈哈哈哈哈<img data-cloud=""cloud://notecloud-fai4f.6e6f-notecloud-fai4f-1301407594/16599387991992.jpg"" src=""https://6e6f-notecloud-fai4f-1301407594.tcb.qcloud.la/16599387991992.jpg""></p>",2022/08/08 14:11:30,喜欢你,smile
16db756f63077a841254b0080d2f97ff,oHNPI5VkgnLuCO-xC75ePzWpivHI,<p>完成了第一个小程序，但是紧接着就遇到困难了。还不知道去哪里找教程</p>,2022/08/25 21:34:34,,smile
